name,age,target
1, 2, yes 
1, 2, yes
1, 2, yes
1, 2, yes
1, 2, yes
1, 2, yes
1, 2, yes
1, 2, yes
1, 2, yes
1, 2, yes
1, 2, yes
1, 2, yes
1, 2, yes
1, 2, yes
1, 2, yes
1, 2, yes
1, 2, yes
1, 2, yes
1, 2, yes
1, 2, yes
1, 2, yes
1, 2, yes
1, 2, yes
1, 2, yes
1, 2, yes
1, 2, yes
1, 2, yes
1, 2, yes
1, 2, yes
1, 2, yes
1, 2, yes
1, 2, yes
1, 2, yes
1, 2, yes
1, 2, yes
1, 2, yes
1, 2, yes
1, 2, yes
1, 2, yes
1, 2, yes
1, 2, yes
1, 2, yes
1, 2, yes
1, 2, yes
1, 2, yes
1, 2, yes
1, 2, yes
1, 2, yes
1, 2, yes
1, 2, yes
1, 2, yes
1, 2, yes
1, 2, yes
1, 2, yes
1, 2, yes
1, 2, yes
1, 2, yes
1, 2, yes
1, 2, yes
1, 2, yes
1, 2, yes
1, 2, yes
1, 2, yes
1, 2, yes
1, 2, yes
1, 2, yes
1, 2, yes
1, 2, yes
1, 2, yes
1, 2, yes
1, 2, yes
1, 2, yes
1, 2, yes
1, 2, yes
1, 2, yes
1, 2, yes
1, 2, yes
1, 2, yes
1, 2, yes
1, 2, yes
1, 2, yes
1, 2, yes
1, 2, yes
1, 2, yes
1, 2, yes
1, 2, yes
1, 2, yes
1, 2, yes
1, 2, yes
1, 2, yes
1, 2, yes
1, 2, yes
1, 2, yes
1, 2, yes
1, 2, yes
1, 2, yes
1, 2, yes
1, 2, yes
